shell_index,plv,mu_deg
1,0.23483009882078873,32.52855557492106
2,0.230090640869494,246.95787133456062
3,0.23556436566480668,70.62844100219635
4,0.10760994648703318,63.187824735897976
5,0.18003403882332777,137.43475800908098
6,0.26710877458474763,54.041079607138556
7,0.2930723678597309,15.036050571458922
8,0.20659283265818093,307.1749987567992
9,0.10872430995933542,240.3136328316894
10,0.1552538096684439,122.50605780598964
11,0.19628308757709673,47.83256814667527
12,0.2732773094319696,77.57491227997942
13,0.20617679532395677,81.15279894972997
14,0.1535677312681416,219.69278360014565
15,0.13305729861765161,234.3413002307547
16,0.25262104633923765,37.51137526227767
17,0.10640358551620147,195.35450547683126
18,0.19491745792972354,309.1647625176391
19,0.20289260471524623,109.84488724574095
20,0.2356011104246236,168.17115380362313
21,0.19445775420460276,133.83270228838575
22,0.25185909623542324,338.7841973352443
23,0.24850715675153978,274.49380084903345
24,0.21554106201419374,310.1799358507185
25,0.1945259524936931,259.3231280231881
26,0.22139195561096023,148.194296171437
27,0.10233174603279394,9.545878371483848
28,0.26165530910407697,157.4885727605477
29,0.26584252399526265,350.3577736113495
30,0.18219590083077783,62.83063165350832
31,0.2543749607659853,297.8051562701899
32,0.25443433877704585,307.84423450490124
33,0.27756383607449253,152.3836071545974
34,0.2804233950855449,96.57975078385255
35,0.2486543754979812,233.23117511157625
36,0.2251897255707838,232.15398809294524
37,0.11210203874562266,349.16141781983856
38,0.17863419332306152,271.9790552017823
39,0.2452426056205821,121.88341822558937
40,0.24868078495215232,68.28554302978321
41,0.27107281611664136,273.33755863421555
42,0.23842883852585567,121.53995709449592
43,0.28101977093367303,287.28886267429175
44,0.16158511374347825,87.95055320098766
45,0.2695005145596896,285.76422102350557
46,0.17748861855423198,26.79373929860344
47,0.2749686092896689,254.06613824533474
48,0.28793369741515007,17.905453421250858
49,0.2719532055106522,237.683111891946
50,0.28738734481412154,189.75716667492168
51,0.10810562862716998,178.35726058593718
52,0.1577674280080405,309.89033784369616
53,0.27707400660061055,184.63591992497905
54,0.1897482564081815,22.90393977256145
55,0.1643388444068611,328.3889820875515
56,0.29434474736422567,187.67924023256103
57,0.2806098643825917,228.9801947717431
58,0.1938949351439999,281.50505785381296
59,0.26166082985729866,35.38328445009574
60,0.23709557572100512,225.14943229931043
61,0.20707453370538254,329.9946441662891
62,0.19904741223766362,6.1221411608901155
63,0.14528473502589426,136.3572100512449
64,0.1214681900755314,77.58504899648796
65,0.10924537689286416,262.35442603762283
66,0.14920059963416746,198.43058429732798
67,0.27695884148841965,137.61411814045545
68,0.27078761384850536,264.70224534069564
69,0.23200236825761175,182.07159084947284
70,0.15257410987302103,63.316341245305104
71,0.2543653203262831,250.20519580405184
72,0.18297943988637758,214.95253258467477
73,0.2578901215597337,340.9906369252852
74,0.1255622801506146,86.66924747179634
75,0.1561225561084765,195.3088923211613
76,0.22999322557524085,276.2223750387481
77,0.2729870298128505,198.73164069666902
78,0.19164290207090504,77.158682458746
79,0.27519398417354235,261.6895282989198
80,0.11414143110022062,349.2251369233901
81,0.17495307976851202,281.36180194146255
82,0.2810702931412663,243.77547763923033
83,0.2975169142985578,252.84255282177466
84,0.21986365819593956,127.6156518217361
85,0.18723373431898133,259.6366911708624
86,0.27280538225373774,251.5305045421422
87,0.17358214625820595,219.85328114746872
88,0.12184917687708295,283.6910266408558
89,0.21852975198717417,219.39633693691272
90,0.14030142210041133,325.6578670256178
91,0.2944462026571464,144.5390729755643
92,0.2673123497528678,3.775713638810556
93,0.10691932177313122,43.00040983039111
94,0.2964564622727547,74.37382264110026
95,0.16841583487669792,190.6593087947129
96,0.2174837480128417,342.4669595938657
97,0.2729713776925978,10.871807641065502
98,0.2400864040665256,97.67963279082122
99,0.12839172555432246,224.4637259433082
100,0.15170729126297947,135.81622861646855
101,0.22117798615364986,65.01730807876977
102,0.1831567520103698,106.67940829497054
103,0.1715661892319241,67.92778315457954
104,0.14667166759593933,297.1739833192912
105,0.19698058381851732,82.92566598918441
106,0.28273280471576157,89.85851698040648
107,0.11012628614930027,102.21538369590174
108,0.2537003885524423,62.666938159271815
109,0.14911679616360338,138.12111268266605
110,0.2272803154185117,311.8408130512214
111,0.23691976727218875,311.84942505887534
112,0.21522737758062654,292.0303295994859
113,0.29065289994819665,211.5396305600225
114,0.170815312670779,63.12771846512832
115,0.2385886476492881,221.36830665894158
116,0.22833257259754783,202.94831362330766
117,0.28045559650458063,163.75010238088603
118,0.10877100276102653,122.87519057355121
119,0.280400544453106,56.08749419960553
120,0.27346210730387543,252.7352023368079
121,0.17704748988407476,33.72606212249403
122,0.21208111700090898,233.29897169032034
123,0.2793987814556157,324.1090837713335
124,0.280778892335001,356.80021095322337
125,0.12351864326806083,336.3653282318985
126,0.29045665313254976,226.61671744338858
127,0.2343712330592097,272.4566762590187
128,0.1702811099497932,329.66514406856504
129,0.21199901699833185,154.9202418554755
130,0.15832081173979987,73.76294085396484
131,0.22546088195742522,325.16338890125945
132,0.17009624489375333,39.83075734279702
133,0.24137846699926377,279.04242040701
134,0.1884728019692453,94.71489587252115
135,0.11261873790007465,37.18706268377886
136,0.21162549075499265,75.67139841468409
137,0.24652666345126698,299.05531393515236
138,0.23857517202660827,26.835782307667827
139,0.25181842139081545,62.60753480234329
140,0.20707349559770005,169.99255633482022
141,0.21311347630299604,11.170288126391661
142,0.10423698615370357,20.378424658305367
143,0.1237742646552072,132.57856901563133
144,0.22156308633822097,281.1335759315708
145,0.11660703805167211,26.824548615366087
146,0.21191909035802778,60.635333872083294
147,0.26368958931672226,73.00648289121924
148,0.29393929649243633,261.0086852201178
149,0.2294807415917885,35.09901644802498
150,0.23549613680359208,351.0813235279384
151,0.19605233110586257,24.762732280013058
152,0.2223383788210874,177.965380630369
153,0.11842542980450117,148.47842005911093
154,0.18417067323510183,2.2992061599140534
155,0.12265926271904203,55.98598204617269
156,0.123121601322075,198.54355724073946
157,0.11020687711518568,303.5226450739101
158,0.2821960985496213,276.45172781123
159,0.16257664116092713,1.5552817183235046
160,0.2792713116349921,284.4036599843007
161,0.287008375838516,195.94447750348257
162,0.1192911195699593,347.96296210904757
163,0.16125895647661068,250.6927014061017
164,0.2638677381016016,130.02831427411869
165,0.12829895391445117,105.9011354654677
166,0.15037679082114414,60.53031646425574
167,0.2894635953757811,324.98593403476247
168,0.22113315293845234,33.45537899468942
169,0.20890780116783608,137.4044359016495
170,0.10328557625754753,221.98059001051394
171,0.15158525780830584,219.5821103582941
172,0.26278208334573083,309.82407422597913
173,0.16845181312949703,295.3624250668612
174,0.2357726776148895,116.03482263000197
175,0.2312638527684682,354.2148641973777
176,0.1297726301477929,210.91358672062645
177,0.24739447198299738,59.179834483998825
178,0.2544289597985919,254.21120517667342
179,0.23556330784979854,299.3539106357085
180,0.15885182574078066,264.9073753423314
181,0.11869379676786418,269.1693494793628
182,0.1146172877174966,60.26734651368073
183,0.26104109386533647,266.94365590158367
184,0.12766273457120716,262.6863543244523
185,0.2684695554269949,63.68004866349507
186,0.19178878693181983,29.00980313899702
187,0.29592371761166547,99.1535815057502
188,0.1560676839823173,68.5826198400224
189,0.15468579943678468,73.38889031929449
190,0.17476478516894997,216.62449684757377
191,0.1285223181199649,221.82563062164832
192,0.10276214441507742,193.91126239486326
193,0.2584050083464349,50.62697877252412
194,0.1084553474151731,304.2857467062807
195,0.2561803942084022,245.7506780080938
196,0.17265617501229338,270.37169675773134
197,0.23123710732159783,89.55192640322039
198,0.2641050529762158,222.3493119159575
199,0.12338995387760142,118.27540778938109
200,0.25811045500447605,285.39462650400765
201,0.18487422449747187,85.43713780077375
202,0.2806967350273777,233.34708050282848
203,0.24261964716589607,299.1197126336429
204,0.13326185570455806,300.751203810432
205,0.2916581391740192,111.8290877919422
206,0.12068090830905238,39.811671739578344
207,0.2417035019356589,334.63690862689987
208,0.18897416538156264,275.0253379076273
209,0.19007151895964133,32.63792851543812
210,0.22978321114049485,75.25828600406605
211,0.12333078296234426,10.456492551260332
212,0.10232554804072813,263.9349175199869
213,0.26914761400933684,238.77175434570512
214,0.2663299365909466,30.49789479787271
215,0.1274434611271098,201.42084192192246
216,0.24693904657622753,221.95034903530387
217,0.21159339279371286,239.1411456817828
218,0.2678622734675691,303.4009624653216
219,0.2470072240082356,324.0125704039035
220,0.17064846919099896,52.692405998445935
221,0.2997436775163155,332.39400131483114
222,0.28221983282756447,318.84599454688305
223,0.13540334285196798,12.747315958165807
224,0.2489066005196816,301.5144459908219
225,0.2964527943866938,347.37352117982334
226,0.2352396105718834,343.4668077806314
227,0.17026787978380004,47.61591912973519
228,0.2725044996708672,208.48324755201372
229,0.2938901556341814,155.06249858451534
230,0.1841580855153604,137.95871179492352
231,0.12009362988869872,124.27580716967861
232,0.22449735496387446,261.60597825983365
233,0.203601983649455,141.9258405380271
234,0.21430507580720512,294.00964802520366
235,0.20151031120195856,352.3201294490748
236,0.22334361085591836,244.03968155241392
237,0.17818950595627087,334.6987575660943
238,0.16882100415390286,90.25683978213303
239,0.10309752066381322,253.1072303721792
240,0.24862210119225428,115.53079501191553
241,0.1023781487160665,281.0295607674608
242,0.24762958820490658,258.71943033736306
243,0.16877493398336368,15.641394465199735
244,0.2003714650697764,313.6239621038559
245,0.18734686561785446,140.87099723750435
246,0.18811063940912542,34.09614636990115
247,0.1494450072435516,8.865374553637269
248,0.10319870003013643,52.45403216185029
249,0.11996655627536115,285.46407816362347
250,0.22190536343480746,188.77105985181632
251,0.2631439626796824,39.693341260537075
252,0.18405135745687945,329.6197538999388
253,0.25854582439859286,202.55904928266645
254,0.12891721240428092,330.4829818676534
255,0.11805906253036032,115.15504574161434
256,0.25525221601218384,170.7260817192359
257,0.27887444000102346,149.49556737205154
258,0.1957612918057583,53.38356372897518
259,0.29902815379431746,182.82736882181175
260,0.20372123081053303,300.8283061019297
261,0.22157597951210845,252.13502783576232
262,0.13933482805897085,248.0812677317772
263,0.15953786639823417,63.013425736060945
264,0.1549219846220805,172.46662479097913
265,0.2785029606933661,326.0116661545455
266,0.1896641532930966,283.56682057162465
267,0.2222114814550244,85.6131659821418
268,0.2456620194756929,314.5783824745588
269,0.2549057356247225,326.79129300412313
270,0.17617486467236976,185.19576033278312
271,0.20800531187574067,39.53041048853146
272,0.14755181372812354,17.1022716139778
273,0.1782280694441632,58.883717270473
274,0.1405553236521279,48.32400817455063
275,0.18908453486789994,303.30547058498274
276,0.2868015718767941,65.95284320175016
277,0.28755503001952754,249.13076133756172
278,0.1844713928456188,32.27920184942621
279,0.2926190284311276,58.22784178584647
280,0.12603830720536596,236.98792568734115
281,0.10152396932751014,194.00202846107885
282,0.21671264843661392,258.87617936532496
283,0.16405865133546996,337.122227564612
284,0.15086432141911987,178.00715919082793
285,0.17780684703062755,84.25107317608746
286,0.2523772877435525,248.2219480723242
287,0.1549760164879879,281.27295410042416
288,0.12866826873062195,70.25814155949729
289,0.15080151723720406,18.50521722940295
290,0.24516985735033917,113.95680978624888
291,0.20421558838929732,25.430854697663374
292,0.11935873256132604,298.34728519572496
293,0.2983462713323742,206.26973018741876
294,0.11689011242218537,330.4286319340884
295,0.2015835701914751,205.5099968686945
296,0.22914830561934177,231.7612228665721
297,0.12466963084818934,163.75310804513526
298,0.26087791790147996,131.7040713678189
299,0.13543055700824674,354.3553744404655
300,0.2203104367142561,341.2668790738044
301,0.2776242631595327,145.0704194798111
302,0.2939836216511293,356.43867339903
303,0.29518830776228255,183.15406687389313
304,0.10811558715244003,42.172318716913196
305,0.15545804588850307,86.4502594974889
306,0.28575545344077424,125.84747997106852
307,0.2260838136498545,172.14117524984235
308,0.21546554664432782,3.9774089775415478
309,0.13396678478390664,324.72022852718453
310,0.11993299016614622,113.26443078492505
311,0.14681865429046226,131.09217667031922
312,0.20376247363899674,246.51986801734364
313,0.211362184921898,31.816464948955655
314,0.10503979016025292,131.4797576745127
315,0.2928743674550155,329.8568671490562
316,0.26826077977120477,203.01319177700765
317,0.22988969756066915,199.63725872903183
318,0.2614842171789258,89.62248828992405
319,0.10370806900919607,46.60808083065479
320,0.11414652614726595,284.86488480732044
321,0.26850707948169306,339.98710446227375
322,0.13105397555286202,344.175778905336
323,0.10633372123782968,342.93222979958074
324,0.281673284584265,287.899347817845
325,0.2566572158916368,129.75466094103115
326,0.10623905460239613,83.77597173048302
327,0.19519363666646483,310.7087149947227
328,0.2069976760981722,269.76443783490714
329,0.12852677156129472,161.30673161679147
330,0.2568859891519634,22.493931002037858
331,0.19532493006191154,244.3178484681398
332,0.2653163277940619,171.13147544743316
333,0.2878241211471053,334.95054650964425
334,0.1680157914400418,14.881512379473175
335,0.19329166058687186,164.37678158410935
336,0.21401676180803947,201.84968343103733
337,0.11532768323303128,320.15556270956876
338,0.20561798131682815,169.43942383015573
339,0.1023688954477225,323.13563546502655
340,0.29268593366909834,88.542423403784
341,0.25670670456777983,63.607289924847045
342,0.21803446307068786,264.02801277101656
343,0.10389766327717774,14.765542187911894
344,0.19168427018598438,0.2789928158077881
345,0.2713972057630716,115.29134114253776
346,0.21078677981154476,258.12957840567077
347,0.18826764342593894,154.41887869330682
348,0.24192047771363862,281.7240318765091
349,0.2565042332394759,113.05615350629068
350,0.22202103648044624,316.66580876890316
351,0.15356971637317066,76.42075282186805
352,0.2919919589034149,233.18085472563178
353,0.2680228968594877,33.983651951610426
354,0.16377267535823328,153.3248685196376
355,0.2976816598782692,61.1424062294209
356,0.1105239173221549,324.48067890315787
357,0.1258913661341496,104.86601166858154
358,0.11174311195154546,54.316253303936904
359,0.29305160808614017,211.60160114098497
360,0.22618419699941147,20.433441700786915
361,0.275841379847815,217.71392081851306
362,0.13790857093729764,339.60820698834397
363,0.2341209929256373,142.7152575754314
364,0.2500888691318228,98.32396751241004
365,0.2382887631363277,320.2384714420216
366,0.17879605374471322,230.28925021833484
367,0.12683902717162737,143.77077623554774
368,0.16431685291636994,73.72552919145886
369,0.25970326007022765,280.60605111904715
370,0.180237385954969,49.53975330070853
371,0.14875721541362058,221.89618249689437
372,0.2362802680434433,67.2029095783737
373,0.2535762594327008,268.82981492450153
374,0.22144534859001297,154.34036494183823
375,0.24692159508559502,305.5763944649128
376,0.1009357159888617,108.9362309929177
377,0.16883463342080623,51.95494009902538
378,0.12367723379534448,168.29705238863494
379,0.19391669590662974,187.80826245635672
380,0.28956363646720285,30.965094564771395
381,0.20280796878661989,334.66481262301426
382,0.2123290841765298,340.882727487996
383,0.23219850669031555,9.089106370618785
384,0.23634836239442206,125.81188445798941
385,0.285159140416669,108.12252805389738
386,0.1082876062798482,349.40996391134064
387,0.1638124282484114,28.22643614832376
388,0.10564552648216613,181.0605873442411
389,0.1975123697805421,131.72190606955655
390,0.16711444818926166,166.69201848835291
391,0.23536469273392774,355.77322206561377
392,0.23601943379903825,282.0414043633306
393,0.22664939751591962,146.59178155242333
394,0.2238784192153765,297.655308438401
395,0.19188142238409955,209.4049747315771
396,0.10004192330969637,251.36950167796923
397,0.21896644500179416,14.990957805794958
398,0.12653741667094445,159.2407603996921
399,0.17375331556140336,1.9527204991625702
400,0.2880154817828795,79.68202268368552
401,0.1159064971732235,126.33677544830097
402,0.2869084889668294,133.81754630054132
403,0.10848679767745016,286.1658317966693
404,0.13010158908060582,241.4594077727886
405,0.1375776680511484,93.87274149213472
406,0.12604223677427265,148.4353756856011
407,0.1754178074574233,69.4010225643477
408,0.298576987023944,5.663999993037425
409,0.2592636102070058,70.9954027892358
410,0.22766515587685607,38.93236875129096
411,0.17140901713268125,78.00042559164137
412,0.16769902405620835,339.62386505542094
413,0.187153758190303,191.62974483444586
414,0.22601969557708407,240.6546487371345
415,0.26027717005175277,323.51618208194037
416,0.1366889455766355,191.6710564288937
417,0.22513393834869078,196.26268694283303
418,0.21511469545437462,61.197792798861514
419,0.23423648189512053,172.69568913282956
420,0.17249913640394848,346.7793986719527
421,0.25682364771927474,274.3194232110595
422,0.13025811669199744,333.89484345695047
423,0.16209922653688053,44.73496746979753
424,0.13251086333964412,236.5905492690409
425,0.13251623011390112,109.56774957708097
426,0.2244874138223258,308.08743156798005
427,0.20837731949634142,341.90482981939124
428,0.2832570100200762,66.10514317538605
429,0.271434601812223,119.8402653081397
430,0.28273573842128485,355.26160272928223
431,0.1062827451153557,231.6835867934793
432,0.24364282775262786,74.25356758261815
433,0.15669130958700472,163.58852380439458
434,0.20407169834963446,350.2890693460158
435,0.1711042020924254,211.29918301346484
436,0.25266343832711524,288.07048666155794
437,0.2681921197430961,298.33936337308364
438,0.2955372462762339,52.096922741765084
439,0.13704149512325323,282.8589623133463
440,0.22596034986010397,40.07642683198931
441,0.13565647712735443,211.1531386981306
442,0.11088098600123707,278.74833149922125
443,0.13366011222399865,92.8538242652964
444,0.2502293404210942,229.9869838805111
445,0.13076948590932364,114.86252816971776
446,0.2664123397547083,352.25791456362873
447,0.28272630666311194,170.64479200261167
448,0.19061400925996608,277.869609295876
449,0.14479886637107034,27.431125052738214
450,0.17110585022613656,61.77996478224347
451,0.20066840854488632,328.5365641025426
452,0.29146317120666326,263.98642520265867
453,0.11761301521777529,163.21006308426848
454,0.2341503695002202,4.924695416297191
455,0.24674974157177715,282.3057799786328
456,0.22465478177598874,35.206252408564076
457,0.1609166090507228,157.98594113635912
458,0.1384813686577297,161.11571723861803
459,0.10059102186816127,267.6891092944408
460,0.11276532279111709,131.26364325396062
461,0.2150369500648815,182.62176209347732
462,0.25434733802506926,222.0178334141414
463,0.22440324801028488,93.83986378343718
464,0.17536950542808072,61.78476215044412
465,0.11830557873740709,340.31660363512793
466,0.29003186382709245,216.29629046473244
467,0.28048250766026867,343.87708709821453
468,0.21718512390791356,69.37930658704376
469,0.11011353861604363,284.45826212068874
470,0.12615197966722888,228.94918568086996
471,0.14819574395743823,5.81350181057029
472,0.11244044282193658,288.22534950365025
473,0.18672466059175435,290.3427601439669
474,0.1988082164144922,173.74793877368535
475,0.2005448497894246,176.07495427746318
476,0.2532088589188075,255.81260916495535
477,0.18741205389259558,41.37038846819861
478,0.26821488779674224,19.752606207343668
479,0.11591998826936228,335.7431683647678
480,0.12608490034512215,234.78201450098962
481,0.137616991770426,204.06877605303856
482,0.18910991955129006,353.35898825558655
483,0.29869072650180334,74.87969577149504
484,0.2453435615621633,217.30105080345444
485,0.28518823339206245,226.38231350444912
486,0.2621499207235305,92.34199137090759
487,0.23335823699550762,168.2123651943973
488,0.1836423487233415,166.18555456794422
489,0.1475190534866184,200.95188460456663
490,0.25932606542223785,108.33414837836165
491,0.12356785236827879,326.32703736373344
492,0.2883441068382856,86.11176445340683
493,0.14463257712581595,300.4928803569747
494,0.2847029912036616,55.284968696407596
495,0.1801308246663687,167.938277183884
496,0.21037795246259333,184.75349032988646
497,0.11611933724256503,151.30122762800377
498,0.2882986910225859,343.8728896979685
499,0.18207016906434698,172.5924027982191
500,0.1590312174242907,276.2012343741663
501,0.2332985399293128,229.3801156392897
502,0.29988200435049644,38.747408241916716
503,0.20396889242120275,84.878010114826
504,0.2590346276464899,37.48943266068827
505,0.24563908145818847,342.84016208179753
506,0.27379115894625294,214.3527316356891
507,0.16096500555289076,23.632722715475246
508,0.12865498186186092,65.19563346310842
509,0.2821489364953297,204.26422558548623
510,0.24842815746526592,123.2132318065446
511,0.2842878054557346,10.833606092654291
512,0.2968862554797356,57.42193998696146
513,0.21462644943657883,186.25010589759822
514,0.15732382471266954,201.5710467011257
515,0.25469397321807064,31.762950148358318
516,0.17702922382371444,354.0382243336449
517,0.23729890118814015,251.40692245275858
518,0.23760774478223526,158.61603807030383
519,0.2300777108392046,233.47696179078406
520,0.2663697895958035,357.4164430148976
521,0.20512700223279656,219.12773644938642
522,0.2645490488026554,96.51801666968909
523,0.28351019570683966,173.1413064118307
524,0.25933448799644343,33.95107243777046
525,0.10041449596981829,37.05771216048087
526,0.1322186591077235,313.9238515561909
527,0.2811168336086726,352.69848798447947
528,0.13674327983687687,100.88386137873997
529,0.11174918290477019,53.86952827340649
530,0.29863860029848865,274.1390741673489
531,0.18234105833964345,240.50605415191478
532,0.2052081784600125,306.29498098918407
533,0.21595057751361862,232.10140502644992
534,0.23366656936830268,165.9315193748833
535,0.1365511698289147,351.3367587150081
536,0.11185542592155868,120.85238916111885
537,0.2669286819204988,222.08864153884045
538,0.2595975058373229,30.970075028184716
539,0.21478520221404446,309.1694183013942
540,0.2502976990405878,25.129117334462784
541,0.23014918687972788,170.9288967309583
542,0.23613134231651217,198.86149186821154
543,0.11915048119227623,146.95798559628523
544,0.15903770186870106,68.19694791193159
545,0.19445177425960355,96.85147718310947
546,0.22173351355052856,188.1065909862635
547,0.2945220456191272,73.46183779268715
548,0.20516553261139034,177.50471824274229
549,0.19750894348785952,12.449920952377301
550,0.26210024701694734,311.4668139261498
551,0.1946541045383824,174.01399891445294
552,0.22321673705324863,52.2950776389981
553,0.15291793044492802,195.63461630248068
554,0.27237281586231704,3.999981815452358
555,0.17656478078376392,313.0702319031469
556,0.21195374654807364,307.5177239791342
557,0.29991264286071506,315.8169306691309
558,0.10395250203123081,182.0773176249539
559,0.1868765511970275,318.5204774569525
560,0.2167508212008884,157.65982179824877
561,0.12698948667148646,128.217822809735
562,0.2034019036088317,336.05414508115996
563,0.23658872302934045,230.51468235424355
564,0.16497397089541793,41.34371631961429
565,0.12148913975819944,308.2646210730652
566,0.23992383613571958,52.91855724902939
567,0.13115452423782414,19.127739664198415
568,0.20436195858506234,136.34413162182918
569,0.11883050826957774,340.15822987108163
570,0.1212723845559982,217.62902482019533
571,0.2956290893886865,166.18230918144974
572,0.22480488632099355,36.14311601210665
573,0.10406353648479341,346.52810795248433
574,0.10262581887502312,289.0091923339594
575,0.2054086008518436,168.1801662023453
576,0.27369830178314514,22.76485072970481
577,0.10060851263253356,25.34706334596386
578,0.2541658924931428,121.87328453571736
579,0.19709278591702048,328.70143876622
580,0.2084155323760711,171.85126484168663
581,0.2604607234492867,226.64841717791518
582,0.23104559591529186,312.2761369186316
583,0.1599661780277908,357.99195823668254
584,0.19037354296653047,217.15995232781285
585,0.10882724569352378,185.50298739598338
586,0.24808917534534217,308.6446410109607
587,0.17725498554686925,266.8488864583152
588,0.15413313022862604,187.56860259845084
589,0.11773079253969852,169.40877639296178
590,0.21128342253461008,201.06082157648245
591,0.1459798551571845,103.48340117202623
592,0.10672232412405612,152.53240266969263
593,0.15435989955518117,203.59445983237921
594,0.14901448960100955,314.9287467589571
595,0.16448950103886012,13.819595703973313
596,0.2944268873977325,235.1201874984268
597,0.20277334883430687,259.31328645316694
598,0.11720916345350335,76.44257390127841
599,0.16374446858121197,58.68021118707152
600,0.24553948598832323,344.59115508817405
601,0.23197708065152794,226.59732667184764
602,0.15205981451344686,115.22219242432269
603,0.1347953694923513,194.9726186155948
604,0.10310264303412825,259.08125852989843
605,0.133136683697507,28.10168144952721
606,0.14590185436030684,286.0479812774502
607,0.1821817144185948,302.7694147029319
608,0.21273438408121512,108.70383305173314
609,0.28557305426304824,104.12084956776076
610,0.11485462896433173,264.6026103680998
611,0.11056466614700247,322.7422288034301
612,0.11571397325001004,213.43439205109595
613,0.1980636452912244,345.59975123965864
614,0.18882120202529815,158.31567100279756
615,0.20703249095827753,338.2723133579316
616,0.24963831940863343,251.17391823345463
617,0.2730860947621221,20.61763248634691
618,0.1588340811140258,237.10593118189882
619,0.21026892184991652,128.6511133889092
620,0.2280172539143868,8.86660991324196
621,0.20958632366183888,54.544968688003344
622,0.14575827373810749,348.62880380997797
623,0.15011060150277653,32.21714834344264
624,0.18690918841103088,239.29413581381226
625,0.18091795139386851,254.66538971339224
626,0.2931111930101691,85.53398453863329
627,0.2418317306113622,195.5653428898984
628,0.2545287584803392,86.67093749088492
629,0.1812087899901161,55.18918896763454
630,0.142810165281513,129.85833581139923
631,0.11066569095555152,40.24605477505061
632,0.2784587752458769,11.171501438846967
633,0.2519441618563495,278.51562187419535
634,0.11961308239865585,342.16234554313695
635,0.17965153598105105,164.3595147063475
636,0.13377701362598227,248.4793014145499
637,0.22050637232081333,158.76938459873062
638,0.11768782390245902,14.253417440875594
639,0.187482522957569,171.47760190604416
640,0.1603535706760419,59.165603829713184
641,0.149078487862105,110.81699251173248
642,0.2195747493525177,291.42487023777517
643,0.1394298178858538,121.94893475350239
644,0.20683476477680907,197.00815634639855
645,0.19064878007092,344.5344071041
646,0.2902093557631361,202.16237247981542
647,0.2382580737825088,37.718628996878756
648,0.27555607434941276,298.9547277113179
649,0.2251613535072067,44.90222498228564
650,0.10450109869183247,26.032643764898307
651,0.16428045088005924,173.77923259985005
652,0.29214080119099145,161.76437990635156
653,0.1364590160853507,337.5571031214719
654,0.1386909263513591,210.15109206435827
655,0.18227011687484745,207.19819101618216
656,0.22919335383561507,348.38499667057187
657,0.2717155483749941,124.77060497735698
658,0.28306437933624673,9.910131272098406
659,0.22657852135470394,329.4873031267172
660,0.14268691934058034,206.45048983455612
661,0.14562098156793982,222.44609802443958
662,0.17315949402056327,213.78294428091502
663,0.13451941079830654,32.62148851853526
664,0.19090482921022342,126.12024350436181
665,0.2203700717090363,128.95652865448463
666,0.1604031590061817,160.20916127822335
667,0.20466868711075148,312.9350703343029
668,0.2692014522729288,263.20110406898567
669,0.24002275428368222,305.05692520901437
670,0.24656093010012262,336.5569512622157
671,0.24335341120636622,180.6610089404083
672,0.11354888324809936,321.77701022392165
673,0.14809623001160999,244.60933460668605
674,0.11623507992397775,2.2632587869564214
675,0.1767942840771261,47.0560076355653
676,0.1973524144095331,98.57639656146002
677,0.161338730516391,158.14282835503457
678,0.19511516305981766,12.754744390966607
679,0.26403332573650395,117.57346574944766
680,0.2483564886694563,139.22702646430002
681,0.22242890631674184,344.77750892013364
682,0.20420797159335044,250.2312480615834
683,0.16808754393190795,207.91316135110463
684,0.2895616830588865,357.05359678803495
685,0.22585154141366837,275.78185315921377
686,0.2537633060817732,153.8059617275496
687,0.13163797037572522,212.96575553367015
688,0.17817731143590967,357.3572678863958
689,0.13579342582302215,54.53420770997433
690,0.20452708929716062,131.71956625051536
691,0.1305040731336928,127.04039564920461
692,0.2674071377932532,295.59336025155295
693,0.20145993506123722,105.1876491610341
694,0.14884029542109747,349.59551225207855
695,0.20972037687969886,123.57605151343513
696,0.11251926177984894,346.12238620454815
697,0.2614927766204618,289.0891414682291
698,0.27969058875624464,20.43384075904575
699,0.19870727889776763,350.39040141541017
700,0.2912247065440102,220.13667391360363
701,0.10776199405701048,141.91503283749387
702,0.14883919432995812,59.57264958278638
703,0.22517830449347043,267.26956075455587
704,0.2367912545264176,328.6137409734896
705,0.19148734447351431,348.6106382732493
706,0.26416354796534314,300.63621443096343
707,0.11732286307612737,220.7763420042843
708,0.2959168099831777,315.35268580779405
709,0.2553862435163441,326.2361683175756
710,0.2974544613297544,287.209176324374
711,0.10331414672916905,283.8995392870728
712,0.2901534615910507,61.90825245478821
713,0.2579746481797501,312.3311571649602
714,0.28554084264621876,167.4722384970438
715,0.2289127852087052,287.6615408453498
716,0.23044656189919874,71.36940389214362
717,0.2548636559400139,96.53060025865192
718,0.19583690558567718,106.96314092299345
719,0.21178414107189208,85.58571394282136
720,0.11955364741966068,14.234527023565233
721,0.2743240052418848,191.85452875407952
722,0.13805617737371362,213.03925053581636
723,0.13432982866929657,188.69463193440384
724,0.2659311602434832,0.21233097009164315
725,0.2794216562075853,158.06798115557865
726,0.172758859550852,109.03429602775067
727,0.22714721742780386,277.99164232588384
728,0.18085559735659865,252.44799040087776
729,0.19843390653921006,307.87984710718194
730,0.1922928240539517,65.88102033134923
731,0.17640341159917203,142.0145926822884
732,0.13653312322156755,62.63687874199684
733,0.19399999875207305,188.83473426171628
734,0.2925661760071152,291.3386524322645
735,0.24840409714114173,329.6583014916182
736,0.22307305433842903,124.50177662795156
737,0.277568292152938,118.5022893957733
738,0.25822935247653134,136.52662396089215
739,0.11447272543499332,305.7472518943062
740,0.22985113052513031,38.61767254388693
741,0.15519103307262977,87.42916764166513
742,0.19115066237668132,5.257567760368347
743,0.14073272648794174,22.396337595980768
744,0.2899043686827862,267.4413609126109
745,0.2520224633307694,52.451451117760676
746,0.11922951842144423,284.2478978347469
747,0.17183498623493434,287.6784245061058
748,0.2270055870573791,234.25915171217144
749,0.18707318301894504,337.6004131515089
750,0.28394997143508316,18.3324347283627
751,0.2695857762618877,68.30806331051213
752,0.2622272123012849,249.54244387208323
753,0.2329648385472067,123.51490598588633
754,0.2429904931625805,10.523025756254523
755,0.20075994125946223,354.2378568238104
756,0.2636288769539359,55.2495995778821
757,0.1375799800925084,344.5925495691459
758,0.2821604698704377,233.23457236813087
759,0.1562869521756558,279.5445550450665
760,0.28145211301121875,163.31846771377357
761,0.12000984164963172,322.30645599631504
762,0.1387697875994038,136.70530364381435
763,0.2844483797838474,207.54107668365356
764,0.28499128055424294,17.51188937757344
765,0.2065731414032806,334.125271432138
766,0.2867852254069879,240.97940018947065
767,0.16458526550077007,86.97248656944005
768,0.21047318031003756,148.26366202793415
769,0.20403596483919634,313.91031052489336
770,0.2548012672446621,1.3641045592646295
771,0.16412994111724305,98.64389173184763
772,0.13818584197814285,135.05933114905625
773,0.12704367112532394,187.1048403240018
774,0.16187675989939138,330.65099145225213
775,0.2688729119911791,293.6182273063855
776,0.1508869359586547,206.70633459537103
777,0.10167141893768306,250.66678136243618
778,0.2914860832560154,298.2894197855147
779,0.2112313439731197,241.695357320052
780,0.2392121226996175,4.344482874446709
781,0.1638495658405097,28.2394135846195
782,0.2027753225078761,294.2592106468058
783,0.2535933782500118,136.2757050800732
784,0.2162375537263584,100.07317879528689
785,0.28598336477727954,135.25522394397257
786,0.20431300516188064,112.86414634143564
787,0.20310624916581754,269.06376255118
788,0.15537572211312514,15.66755603975524
789,0.15234001641565112,341.4177471691724
790,0.16067548239490376,121.9595599416844
791,0.1598368792243114,257.8138182201899
792,0.17081863700497085,268.86536034533043
793,0.1789768368184014,83.46856824283472
794,0.1221062846657861,89.65285774537085
795,0.20553908210900246,81.92475260124513
796,0.12250857863705422,329.0653844591243
797,0.11694017439948559,41.58426440440617
798,0.2907220470605172,100.91139765696485
799,0.24043235052558048,294.6855632378831
800,0.2607509875310635,356.7086522134147
801,0.12250751850296465,357.01664141685376
802,0.19742175327933403,149.54002504752657
803,0.20474495975801044,324.1283718869737
804,0.2629314802092587,114.40479490026038
805,0.17835284344543015,211.744792011097
806,0.21777554309595848,219.17962992938806
807,0.1386217179870802,256.4231328845907
808,0.11312817907335374,230.00591521810873
809,0.25484340858958254,295.7768868506148
810,0.2663633500280358,62.60636398399098
811,0.1211415660719394,216.5476523787993
812,0.1318662400987287,205.48757540812645
813,0.2782584638442265,154.73920069653005
814,0.20989019350999732,95.03195369753949
815,0.27691687738715487,319.21252959109313
816,0.24926942928578136,348.0971747599588
817,0.2623745970963321,204.81362551755694
818,0.29395488995550434,59.25888912246422
819,0.17007307393423937,59.98158954662762
820,0.2659950930291121,101.01884252820533
821,0.28020186226687027,253.50656085407937
822,0.24238803048453483,106.59809151190795
823,0.14632052308583962,324.5807232138784
824,0.17694090429691128,167.2578671609432
825,0.12237872086065522,58.18045368471169
826,0.18310817001485696,283.1143714470143
827,0.14809968780646054,304.82105539676513
828,0.2302875769240372,116.1433791355663
829,0.10952866829483737,209.23588415077288
830,0.2807472825059659,125.25313122475028
831,0.20048427050055584,24.34578133531083
832,0.15505350485118508,91.95997398205645
833,0.26273178051270285,47.04489295594551
834,0.1680099429296304,296.72154078113783
835,0.2765122498641863,190.00577965096176
836,0.26531341268526354,209.71519908231014
837,0.23612532618378723,252.19725824900274
838,0.28325760847024156,202.63156587617817
839,0.280934889303019,17.020737046243507
840,0.1796832246287514,351.9593591377814
841,0.2087978684211383,181.4834779014385
842,0.177641810861944,27.75539933470204
843,0.1599412474576239,256.8467899801131
844,0.29288142938428574,92.99773062442313
845,0.19830421355158043,212.221503456402
846,0.2968688360752171,26.281798063265743
847,0.2125517831324752,296.6334444170833
848,0.14464748115798182,269.2763308561184
849,0.2847037807627587,302.3185481200529
850,0.16676172032461334,202.75073867666208
851,0.2834624819259982,29.49736335579489
852,0.23223697955169553,6.429462483660919
853,0.22560701540208805,114.47129892494264
854,0.195962673415933,79.7933548305832
855,0.24034249029309648,244.43516827746308
856,0.24202217151948832,147.7096175587803
857,0.2822367517949106,259.27996004802907
858,0.2916825378991847,104.7008035565482
859,0.22808546217174344,351.5155820073699
860,0.1160561780499865,26.355091210035837
861,0.25876932577902334,319.6605393244193
862,0.24826430886413373,77.4959784236396
863,0.23599864247018545,112.92149209622649
864,0.29411203994363,112.48173449040297
865,0.1214134458196692,38.03564191609054
866,0.26354702115987066,314.6669281296447
867,0.244270915398019,166.32172322580624
868,0.14158727546213404,259.61029805893907
869,0.2438137231924974,323.6048929054792
870,0.25963167817837585,20.208655107493026
871,0.20093157839147707,284.31496959478824
872,0.22825728497780937,76.4713740996641
873,0.27156077460204275,33.81142659142326
874,0.21899001136532867,354.411398872193
875,0.2795232865106281,44.62915595653745
876,0.21532163202414967,218.99987826765295
877,0.26861801518318085,111.02932402441957
878,0.13944334122115049,86.08681935696849
879,0.2802740074393839,66.0245733344124
880,0.2573688149883797,345.6376700066161
881,0.24032089528608164,143.76203073573382
882,0.21898004808798666,317.79011471680207
883,0.2974719884460958,102.80288192165912
884,0.18682840898425143,109.93579116312671
885,0.10017540496654637,343.5342994587204
886,0.14150991468691174,265.1221030825221
887,0.21133624345813612,62.15657282542885
888,0.10076475714117722,356.73732516346155
889,0.2662552185919209,23.59005056830469
890,0.23004343196157195,74.13417704803065
891,0.2836919397554869,333.8802709511154
892,0.2209894580096815,129.2063691639227
893,0.27505759135700786,317.4884326032798
894,0.10602691089608443,126.43213909348232
895,0.2254139940806241,160.80939791479508
896,0.13466426731743142,40.28397518493464
897,0.25589820013212217,345.6948079630753
898,0.24936959733104924,338.9758481984217
899,0.18529784358016807,334.07558171168444
900,0.2439089685935377,83.00021547172969
901,0.16646349442407946,207.68104783554978
902,0.27455318568909914,258.4068842111968
903,0.272644162929673,139.91662738687157
904,0.28986295134840273,280.76969128216206
905,0.11442794514054573,239.89043867373823
906,0.17862357463563505,236.32259420385938
907,0.18348163292176298,42.17630016114147
908,0.14987980772635282,263.51475092088333
909,0.12231762587991289,203.17965981031927
910,0.14859087750802344,264.34585937292655
911,0.19648556272648637,258.22583923716326
912,0.17218064284699885,126.10779642718597
913,0.27886944096498223,33.036581944211974
914,0.2660903282460437,283.63039925453506
915,0.10077951340632725,25.567965526081757
916,0.22956557225658633,116.40412324933257
917,0.2921857207172469,273.99289911465104
918,0.2688946345771095,2.283252802712852
919,0.10300246512260564,12.765503951552141
920,0.19793675228792637,225.50851773001816
921,0.23461405101584049,137.1132575154895
922,0.26499891257084024,337.3881992682095
923,0.10806333924490762,82.86218276261033
924,0.2540770283965226,57.46758338671412
925,0.12415179938628154,17.319019952421225
926,0.10760416333516268,265.88391851375616
927,0.26061980804307716,15.456349978443482
928,0.2891992460302891,265.12997239386743
929,0.29700412340645055,349.9680234021851
930,0.11401513953715546,65.31197662440027
931,0.19536457350393643,74.71099946131218
932,0.2780806191516194,72.24772609606728
933,0.15895286199575748,269.2946175436266
934,0.28949875498051214,14.543034220528682
935,0.17246078881710605,50.096625083708645
936,0.2479360939689347,241.84853304610513
937,0.2404672457906077,218.8292237096763
938,0.18619152917128146,117.64900781494644
939,0.24348118672107935,96.96835530135027
940,0.11763142761690562,253.1055907425838
941,0.2068146155462005,215.03613824653112
942,0.2242502325619548,111.02465628552912
943,0.12639602312341863,70.31765387125628
944,0.20741716941854466,238.2164579809661
945,0.188038942167973,314.6946039498379
946,0.1954121375101432,161.01189496866021
947,0.21465390821229424,350.1636589121046
948,0.20357923008240536,57.9326855516982
949,0.17479946940157648,28.916845152443255
950,0.2962587255579239,294.38589391481753
951,0.192528008507004,284.3353519270248
952,0.16555404265118615,167.88399103229975
953,0.266310941165814,200.81432516644372
954,0.17984121092681774,162.12039098563955
955,0.2263077484431353,231.3659437582045
956,0.20055847704007856,49.667449355236656
957,0.2793844826913976,72.04130869091425
958,0.22173596514363986,243.69256549757523
959,0.2000356043138975,40.5162597582153
960,0.15152883490853233,89.60798542102216
961,0.14552947503444827,265.62926548556976
962,0.1183828337441158,58.02172527894028
963,0.2426759257593312,52.27197299787806
964,0.14332293584965008,181.8664184046
965,0.1469338601261526,202.68902198802263
966,0.231135550760689,165.3567092348126
967,0.11640654014240961,237.87852635243036
968,0.12306449497939452,321.0280342295787
969,0.14852921305626693,211.2554488888043
970,0.2565727537993339,16.328420045212706
971,0.16440231446356593,132.6833452173781
972,0.2040506849545981,188.9968305608033
973,0.274380232091953,94.65393221352356
974,0.10852556696934171,158.29599403289606
975,0.13795617226310625,328.801878585141
976,0.20087691464518798,170.24715893174155
977,0.2888930386219669,52.59949840967751
978,0.1409110034481093,85.78634537463854
979,0.28428973078401065,211.28080066011015
980,0.1020965218434484,206.94401948606125
981,0.12696186275914706,87.1546398742267
982,0.12674167624475677,5.7613122764534275
983,0.2272437308849692,89.07614186485584
984,0.14178975909695563,303.42353445640913
985,0.26290748513713114,257.528871756862
986,0.20176410818163754,278.7790769831196
987,0.1648519321425527,278.29300017366165
988,0.17810995124101892,279.3547401321154
989,0.1362339034206646,224.92788758690588
990,0.2113146130053539,20.46290986911417
991,0.1309773880840357,250.1883385738471
992,0.1514480591077943,183.18664447358267
993,0.2898998755141663,276.60813424761994
994,0.15677134592935588,178.49101924405142
995,0.21501299432502124,322.46568629293523
996,0.146439186696092,256.8632164510082
997,0.2197025923651369,310.1084544619385
998,0.21680439797900747,338.43413578513156
999,0.1493070508124509,270.49866903938096
1000,0.16689783517945,0.7178154931786063
